{
  "home": "REDACTED-private-device-data",
  "work": "REDACTED-private-device-data",
  "cadences": [
    1,
    5,
    15,
    30,
    60
  ],
  "results": {
    "1": {
      "n": 30516,
      "t1": {
        "raw": {
          "acc": 0.9958710184821078,
          "unans": 0
        },
        "laplace_grid": {
          "acc": 0.4100799580547909,
          "unans": 0
        },
        "zkls_grid_zones": {
          "acc": 0.9738170140254293,
          "unans": 0.026182985974570718
        },
        "six_layer": {
          "acc": 0.8541420893957268,
          "unans": 0.14585791060427317
        }
      },
      "t2": {
        "raw": {
          "n": 38,
          "det1h": 0.868421052631579,
          "det3h": 0.8947368421052632,
          "det6h": 0.8947368421052632,
          "undet": 0
        },
        "laplace_grid": {
          "n": 38,
          "det1h": 1,
          "det3h": 1,
          "det6h": 1,
          "undet": 0
        },
        "zkls_grid_zones": {
          "n": 38,
          "det1h": 0.6842105263157895,
          "det3h": 0.7105263157894737,
          "det6h": 0.7368421052631579,
          "undet": 0
        },
        "six_layer": {
          "n": 38,
          "det1h": 0.05263157894736842,
          "det3h": 0.5,
          "det6h": 0.5,
          "undet": 0.02631578947368421
        }
      },
      "t3": {
        "raw": {
          "acc": 1,
          "unans": 0
        },
        "laplace_grid": {
          "acc": 0.30928037750688164,
          "unans": 0
        },
        "zkls_grid_zones": {
          "acc": 0.7046139729977716,
          "unans": 0.2539979027395465
        },
        "six_layer": {
          "acc": 0.6246559182068423,
          "unans": 0.3736728273692489
        }
      },
      "t4": {
        "raw": {
          "p50_h": 0.016666666666666666,
          "p95_h": 0.016666944444444446,
          "max_h": 13.246945277777778,
          "unans": 0
        },
        "laplace_grid": {
          "p50_h": 0.016666666666666666,
          "p95_h": 0.016666944444444446,
          "max_h": 13.246945277777778,
          "unans": 0
        },
        "zkls_grid_zones": {
          "p50_h": 0.016666666666666666,
          "p95_h": 0.016666944444444446,
          "max_h": 13.246945277777778,
          "unans": 0.026182985974570718
        },
        "six_layer": {
          "p50_h": 0.016666666666666666,
          "p95_h": 0.016666944444444446,
          "max_h": 22.596945277777778,
          "unans": 0.14585791060427317
        }
      },
      "homeAttack": {
        "raw": {
          "error": 0,
          "nObs": 10080
        },
        "laplace_grid": {
          "error": 137,
          "nObs": 10080
        },
        "zkls_grid_zones": {
          "error": null,
          "nObs": 0
        },
        "six_layer": {
          "error": null,
          "nObs": 0
        }
      }
    },
    "5": {
      "n": 5719,
      "t1": {
        "raw": {
          "acc": 0.9958034621437314,
          "unans": 0
        },
        "laplace_grid": {
          "acc": 0.40618989333799616,
          "unans": 0
        },
        "zkls_grid_zones": {
          "acc": 0.9737716383983214,
          "unans": 0.026228361601678615
        },
        "six_layer": {
          "acc": 0.8545200209826893,
          "unans": 0.14547997901731072
        }
      },
      "t2": {
        "raw": {
          "n": 27,
          "det1h": 1,
          "det3h": 1,
          "det6h": 1,
          "undet": 0
        },
        "laplace_grid": {
          "n": 27,
          "det1h": 1,
          "det3h": 1,
          "det6h": 1,
          "undet": 0
        },
        "zkls_grid_zones": {
          "n": 27,
          "det1h": 0.7777777777777778,
          "det3h": 0.8148148148148148,
          "det6h": 0.8148148148148148,
          "undet": 0
        },
        "six_layer": {
          "n": 27,
          "det1h": 0.07407407407407407,
          "det3h": 0.5925925925925926,
          "det6h": 0.5925925925925926,
          "undet": 0.037037037037037035
        }
      },
      "t3": {
        "raw": {
          "acc": 1,
          "unans": 0
        },
        "laplace_grid": {
          "acc": 0.3219094247246022,
          "unans": 0
        },
        "zkls_grid_zones": {
          "acc": 0.703969225389054,
          "unans": 0.25354082881622664
        },
        "six_layer": {
          "acc": 0.6242350061199511,
          "unans": 0.3727924462318587
        }
      },
      "t4": {
        "raw": {
          "p50_h": 0.08333333333333333,
          "p95_h": 0.1,
          "max_h": 13.263611666666666,
          "unans": 0
        },
        "laplace_grid": {
          "p50_h": 0.08333333333333333,
          "p95_h": 0.1,
          "max_h": 13.263611666666666,
          "unans": 0
        },
        "zkls_grid_zones": {
          "p50_h": 0.08333333333333333,
          "p95_h": 0.1,
          "max_h": 13.263611666666666,
          "unans": 0.026228361601678615
        },
        "six_layer": {
          "p50_h": 0.08333333333333333,
          "p95_h": 0.1,
          "max_h": 22.613611666666667,
          "unans": 0.14547997901731072
        }
      },
      "homeAttack": {
        "raw": {
          "error": 0,
          "nObs": 1888
        },
        "laplace_grid": {
          "error": 112,
          "nObs": 1888
        },
        "zkls_grid_zones": {
          "error": null,
          "nObs": 0
        },
        "six_layer": {
          "error": null,
          "nObs": 0
        }
      }
    },
    "15": {
      "n": 1990,
      "t1": {
        "raw": {
          "acc": 0.9954773869346734,
          "unans": 0
        },
        "laplace_grid": {
          "acc": 0.40753768844221105,
          "unans": 0
        },
        "zkls_grid_zones": {
          "acc": 0.9733668341708542,
          "unans": 0.026633165829145728
        },
        "six_layer": {
          "acc": 0.8597989949748743,
          "unans": 0.14020100502512564
        }
      },
      "t2": {
        "raw": {
          "n": 26,
          "det1h": 1,
          "det3h": 1,
          "det6h": 1,
          "undet": 0
        },
        "laplace_grid": {
          "n": 26,
          "det1h": 1,
          "det3h": 1,
          "det6h": 1,
          "undet": 0
        },
        "zkls_grid_zones": {
          "n": 26,
          "det1h": 0.7307692307692307,
          "det3h": 0.7692307692307693,
          "det6h": 0.7692307692307693,
          "undet": 0
        },
        "six_layer": {
          "n": 26,
          "det1h": 0.11538461538461539,
          "det3h": 0.5384615384615384,
          "det6h": 0.5384615384615384,
          "undet": 0.038461538461538464
        }
      },
      "t3": {
        "raw": {
          "acc": 1,
          "unans": 0
        },
        "laplace_grid": {
          "acc": 0.29597989949748743,
          "unans": 0
        },
        "zkls_grid_zones": {
          "acc": 0.7020100502512563,
          "unans": 0.2547738693467337
        },
        "six_layer": {
          "acc": 0.6256281407035176,
          "unans": 0.3683417085427136
        }
      },
      "t4": {
        "raw": {
          "p50_h": 0.25,
          "p95_h": 0.26666666666666666,
          "max_h": 13.396945,
          "unans": 0
        },
        "laplace_grid": {
          "p50_h": 0.25,
          "p95_h": 0.26666666666666666,
          "max_h": 13.396945,
          "unans": 0
        },
        "zkls_grid_zones": {
          "p50_h": 0.25,
          "p95_h": 0.26666666666666666,
          "max_h": 13.396945,
          "unans": 0.026633165829145728
        },
        "six_layer": {
          "p50_h": 0.25,
          "p95_h": 0.26666666666666666,
          "max_h": 22.963611666666665,
          "unans": 0.14020100502512564
        }
      },
      "homeAttack": {
        "raw": {
          "error": 1,
          "nObs": 655
        },
        "laplace_grid": {
          "error": 117,
          "nObs": 655
        },
        "zkls_grid_zones": {
          "error": null,